Word,Tag
A,
64-year-old,
African,
American,
male,
with,
unknown,
past,
medical,
history,
arrived,
in,
the,
trauma,PI
bay,
following,
a,
motor,
vehicle,
accident,
.,
On,
initial,
evaluation,GOAL
the,
patient,
was,
alert,
but,
somewhat,
confused,
and,
had,
a,
Glasgow,
Coma,
Scale,
(GCS),
of,
13,
Focused,
Assessment,
with,
Sonography,IM
in,
Trauma,PI
(FAST),IM
exam,
was,
performed,
immediately,
following,
the,
primary,
survey,
and,
found,
to,
be,
positive,
in,
the,
hepatorenal,PI
space,
.,
The,
patient,
was,
hemodynamically,
stable,
and,
was,
taken,
for,
further,
imaging,GOAL
including,
CT,IM
of,
the,
head,
cervical,
spine,
chest,
abdomen,
and,
pelvis,
that,
revealed,
multiple,
injuries,PI
including,
subarachnoid,
hemorrhage,PI
anterior,
left,
3rd–8th,
rib,
fractures,PI
right,
posterior,
1st–3rd,
rib,
fractures,PI
peri-hepatic,
and,
peri-splenic,
hematomas,PI
and,
a,
left,
lower,
quadrant,
mesenteric,
hematoma,PI
with,
active,
extravasation,PI
.,
The,
patient,
was,
admitted,
to,
the,
ICU,
and,
underwent,
conservative,
man-agement,
of,
mesenteric,
peri-hepatic,
and,
peri-splenic,
hematomas,PI
,
.,
On,
hospital,
day,
6,
the,
patient's,
mental,
status,
began,
to,
deteriorate,PI
prompting,
an,
immediate,
CT,IM
of,
his,
head,
and,
EEG,
which,
were,
both,
negative,
.,
A,
repeat,
CT,IM
abdomen,
and,
pelvis,
study,
was,
not,
ordered,
at,
this,
time,
.,
The,
patient,
was,
thought,
to,
be,
experiencing,
post-traumatic,
encephalopathy,PI
and,
eventually,
declined,PI
to,
GCS,
3T,
.,
After,
discussion,
with,
family,
the,
decision,
was,
made,
to,
perform,
tracheostomy,SurgicalProcedure
and,
laparoscopic,
gastrostomy,SurgicalProcedure
tube,
placement,
.,
The,
patient,
was,
prepped,
and,
draped,
in,
usual,
sterile,SurgicalPreparation
fashion,
and,
the,
tracheostomy,SurgicalProcedure
was,
performed,
first,
.,
We,
then,
turned,
our,
attention,
to,
the,
patient's,
abdomen,
for,
laparoscopic,
gastrostomy,SurgicalProcedure
tube,
placement,
.,
We,
began,
by,
gaining,
access,
to,
the,
abdomen,
with,
a,
Veress,
needle,
through,
Palmer's,
point,
,
.,
The,
abdomen,
was,
insufflated,
to,
15,
mmHg,
.,
The,
patient,
then,
developed,
significant,
hypotension,PI
without,
a,
decrease,
in,
end,
tidal,
carbon,
dioxide,
.,
We,
partially,
evacuated,
the,
capnoperitoneum,
with,
no,
improvement,
in,
hemodynamic,
status,
.,
At,
this,
point,
we,
rapidly,
inserted,
the,
laparoscope,
which,
showed,
widespread,
hemoperitoneum,PI
,
.,
We,
were,
unable,
to,
identify,
the,
source,
laparoscopically,
and,
elected,
to,
convert,
to,
an,
open,
procedure,
.,
Upon,
opening,
the,
abdomen,
we,
were,
easily,
able,
to,
identify,
an,
active,
splenic,
hemorrhage,PI
the,
splenic,
capsule,
was,
not,
specifically,
noted,
at,
this,
time,
.,
The,
spleen,
was,
rapidly,
medialized,
and,
the,
hilum,
was,
controlled,
manually,
with,
an,
immediate,
improvement,
in,
blood,
pressure,
.,
The,
spleen,
was,
removed,
using,
a,
GIA,
stapler,
and,
the,
remainder,
of,
the,
abdomen,
was,
inspected,
with,
no,
further,
injury,PI
noted,
.,
The,
patient,
was,
transfused,
two,
units,
of,
packed,
red,
blood,
cells,
and,
taken,
to,
the,
surgical,
intensive,
care,
unit,
.,
The,
patient,
recovered,
and,
was,
ultimately,
discharged,
16,
days,
later,
.,
Pathology,
report,
of,
the,
spleen,
described,
a,
“capsular,
laceration,
with,
focal,
parenchymal,PI
hemorrhage”PI,
—,
this,
is,
approximated,
as,
a,
grade,
1,
splenic,
injury,PI
according,
to,
the,
AAST-OIS,
splenic,
injury,PI
scale,
.,
A,
27-year-old,
elite-level,
rugby,
union,
player,
was,
participating,
in,
an,
international,
test,
match,
and,
sustained,
a,
blow,
to,
his,
head,
from,
another,
player's,
knee,
.,
There,
was,
no,
loss,PI
of,
consciousness,
or,
memory,
loss,PI
although,
immediately,
after,
impact,
the,
patient,
reported,
feeling,
confused,
which,
resolved,
over,
several,
seconds,
.,
He,
continued,
playing,
for,
an,
additional,
15,
min,
before,
alerting,
the,
head,
team,
physician,
(MRS),
and,
match,
day,
doctor,
(JSA),
about,
vision,
changes,
in,
his,
right,
eye,
and,
stating,
his,
left,
leg,
was,
“not,
responding,
properly”,
.,
Upon,
sideline,
evaluation,GOAL
his,
neurologic,
exam,
was,
normal,
despite,
the,
patient's,
subjective,
complaints,
.,
However,
his,
complaint,
of,
neurological,
deﬁcits,
prompted,
immediate,
application,GOAL
of,
a,
cervical,
collar,
and,
transport,
to,
the,
nearest,
Level,
1,
trauma,PI
center,
for,
further,
evaluation,GOAL
,
.,
The,
decision,
for,
transport,
was,
based,
on,
his,
subjective,
neurological,
symptoms,
after,
a,
direct,
blow,
to,
the,
head,
despite,
a,
normal,
examination,GOAL
,
.,
Upon,
arrival,
to,
the,
emergency,
department,
the,
player,
was,
hemodynamically,
stable,
with,
a,
Glasgow,
Coma,
Scale,
(GCS),
of,
15,
No,
other,
injuries,PI
were,
identiﬁed,
.,
His,
medical,
history,
included,
three,
documented,
head,
concussions,
that,
all,
responded,
to,
conservative,
measures,
with,
no,
prolonged,
symptoms,
he,
had,
no,
other,
known,
head,
trauma,PI
.,
Additional,
history,
was,
relevant,
for,
minor,
musculoskeletal,
trauma,PI
including,
an,
acromioclavicular,
separation,
but,
no,
other,
medical,
conditions,
or,
co-morbidities,
.,
On,
exam,
the,
player,
could,
accurately,
recall,
the,
event,
.,
The,
neurological,
motor,
exam,
was,
unremarkable,
in,
all,
four,
extremities,
including,
his,
left,
lower,
extremity,
.,
He,
had,
intact,
sensation,
to,
light,
touch,
in,
his,
upper,
and,
lower,
extremities,
.,
Pupils,
were,
equal,
round,
and,
reactive,
to,
light,
.,
Extraocular,
movements,
and,
cranial,
nerves,
II-XII,
were,
intact,
.,
Emergent,
CT,IM
scan,
without,
contrast,
identiﬁed,
a,
crescent,
shaped,
extra-axial,
ﬂuid,
collection,
consistent,
with,
a,
subdural,
hematoma,PI
and,
10,
mm,
midline,
shift,
.,
The,
posterior,
and,
temporal,
horn,
of,
the,
right,
ventricle,
were,
nearly,
completely,
effaced,
.,
The,
posterior,
aspect,
of,
the,
hematoma,PI
was,
hyperdense,PI
consistent,
with,
an,
acute,
bleed,
while,
the,
anterior,
half,
appeared,
isodense,
with,
the,
cerebral,
cortex,
.,
The,
heterogeneous,
density,
likely,
represents,
unclotted,
blood,
anteriorly,
but,
could,
also,
reﬂect,
acute,
on,
chronic,
bleeding,
or,
cerebrospinal,
ﬂuid,
extravasation,PI
into,
the,
subarachnoid,
space,
due,
to,
an,
arachnoid,
laceration,
.,
There,
were,
no,
additional,
lesions,PI
noted,
.,
The,
hospital's,
neurosurgeon,
was,
immediately,
contacted,
and,
the,
player,
underwent,
an,
emergent,
right,
frontoparietal,
craniotomy,SurgicalProcedure
and,
hematoma,PI
evacuation,
.,
The,
patient's,
rehabilitation,
course,
included,
inpatient,
and,
outpatient,
physical,
therapy,GOAL
ultimately,
making,
a,
full,
recovery,
without,
any,
neurological,
or,
cognitive,
deﬁcits,
.,
He,
subsequently,
retired,
from,
competitive,
rugby,
and,
has,
become,
a,
coach,
for,
a,
professional,
rugby,
club,
.,
A,
15-year-old,
woman,
was,
diagnosed,
with,
osteogenesis,PI
imperfecta,
(Sillence,
Type,
I),
at,
a,
regional,
reference,
pediatric,
hospital,
.,
Although,
a,
genetic,
characterization,
of,
the,
disease,
is,
currently,
underway,
and,
the,
patient,
never,
underwent,
a,
bone,
density,
test,
she,
expresses,
the,
same,
phenotypic,
traits,
as,
her,
mother,
who,
suﬀers,
from,
autosomal,
dominant,
OI,
.,
Following,
a,
fall,
from,
a,
chair,
during,
an,
epileptic,
seizure,
the,
young,
patient,
came,
to,
our,
observation,GOAL
.,
Medical,
history,
did,
not,
predict,
any,
other,
fractures,PI
She,
was,
not,
taking,
bisphosphonates,
before,
the,
injury,PI
but,
she,
was,
taking,
valproic,
acid,
for,
epilepsy,
.,
On,
physical,
examination,GOAL
the,
patient,
had,
blue,
sclera,PI
bilateral,
ipoacusia,PI
inability,PI
to,
ambulate,
and,
absolute,
impossibility,
to,
active,
and,
passive,
motion,
of,
both,
hips,
due,
to,
pain,PI
,
.,
The,
imaging,GOAL
showed,
acetabular,
fractures,PI
which,
were,
classiﬁed,
as,
associated,
both-column,
fractures,PI
with,
protrusio,
acetabuli,
.,
Three,
dimensional,
reconstructed,
computed,
tomography,
(CT),IM
examination,GOAL
revealed,
a,
greater,
degree,
of,
comminution,PI
and,
displacement,PI
than,
could,
be,
appreciated,
on,
the,
plain,
radiographs,IM
.,
Once,
informed,
consent,
was,
obtained,
from,
the,
patient,
and,
her,
parents,
the,
preoperative,
preparation,
by,
the,
orthopaedic,
and,
anaesthesia,
team,
consisted,
in,
typing,
and,
cross,
matching,
eight,
units,
of,
packed,
red,
blood,
cells,
fresh,
frozen,
plasma,
cryoprecipitate,SurgicalPreparation
desmopressin,
and,
interoperative,
cell,
salvage,
capability,
available,
for,
the,
operation,
,
.,
On,
the,
ﬁfth,
post-trauma,PI
day,
considering,
the,
young,
age,
of,
the,
patient,
the,
comorbidities,
and,
the,
operative,
duration,
we,
opted,
for,
the,
ﬁxation,
of,
the,
acetabula,
in,
two,
surgical,
steps,
.,
At,
ﬁrst,
we,
performed,
ORIF,SurgicalProcedure
of,
bilateral,
posterior,
columns,
via,
Iselin,
approach,
.,
A,
pelvic,
reconstruction,GOAL
plate,
was,
shaped,
and,
positioned,
along,
the,
perimeter,
of,
the,
pelvis,
until,
its,
ﬁxation,
.,
The,
patient,
was,
extremely,
osteopenic,PI
bones,
were,
very,
fragile,
and,
the,
reduction,GOAL
obtained,
from,
the,
fracture,PI
was,
the,
best,
possible,
given,
the,
starting,
conditions,
.,
Since,
on,
the,
right,
side,
the,
posterior,
synthesis,
alone,
appeared,
insufficient,
to,
guarantee,
a,
lasting,
reduction,GOAL
of,
the,
femoral,
head,
in,
the,
acetabulum,
we,
drilled,
a,
Kirschner,
wire,
to,
provide,
stable,
ﬁxation,
and,
to,
avoid,
possible,
future,
dislocations,PI
.,
The,
second,
surgical,
step,
was,
performed,
on,
post-injury,
day,
ten,
via,
a,
bilateral,
modiﬁed,
Stoppa,SurgicalProcedure
approach,
and,
augmented,
by,
creating,
the,
lateral,
window,
of,
the,
ilioinguinal,
approach,
[5],
.,
Bilaterally,
there,
were,
multiple,
devitalised,
free-ﬂoating,
articular,
fragments,
medial,
to,
the,
quadrilateral,
surface,
that,
were,
deemed,
no-reconstructible,
.,
Two,
dedicated,
suprapectineal,
plate,
were,
applied,GOAL
to,
reconstruct,
anterior,
column,
and,
quadrilateral,
lamina,
of,
both,
hips,
.,
The,
post-operative,
period,
was,
uneventful,
hemoglobin,
never,
fell,
below,
10,
mg/dl,
and,
intraoperatively,
the,
blood,
loss,PI
was,
less,
than,
400,
cl,
and,
no,
blood,
transfusion,GOAL
was,
necessary,
.,
She,
was,
mobilized,GOAL
on,
crutches,
with,
touch,
weight-bearing,
for,
six,
weeks,
and,
partial,
weight-bearing,
for,
another,
six,
weeks,
.,
After,
three,
weeks,
the,
patient,
was,
discharged,
to,
home,
therapy,GOAL
with,
bisphosphonates,
and,
referred,
to,
a,
specialist,
center,
for,
OI,
disease,
.,
We,
followed,
the,
patient,
weekly,
for,
one,
month,
then,
monthly,
until,
the,
sixth,
month,
with,
radiographic,IM
control,
at,
30,
60,
and,
120,
days,
.,
The,
hips,
function,
was,
evaluated,
with,
Harris,
Hip,
Score,
(HHS),
with,
result,
of,
45/100,
at,
the,
ﬁnal,
follow-up,
.,
The,
Numeric,
Pain,PI
Rating,
Scale,
(NPRS),
a,
segmented,
numeric,
version,
of,
the,
visual,
analog,
scale,
(VAS),
used,
to,
assess,
pain,PI
intensity,
reported,
a,
score,
of,
5/10,
(moderate,
pain),
at,
the,
ﬁnal,
follow-up,
.,
The,
last,
radiographic,IM
examination,GOAL
showed,
an,
adequate,
reduction,GOAL
of,
the,
fracture,PI
and,
a,
satisfactory,
wall,
and,
bone,
stock,
for,
a,
subsequent,
prosthesis:,
the,
patient,
developed,
a,
bilateral,
post-traumatic,
arthrosis,
with,
heterotopic,
calciﬁcations,
typical,
of,
the,
underlying,
disease,
.,
A,
16-year-old,
male,
unrestrained,
backseat,
passenger,
was,
brought,
to,
our,
trauma,PI
bay,
after,
a,
high-speed,
motor,
vehicle,
collision,
with,
a,
rollover,
.,
He,
suffered,
multiple,
injuries,PI
including,
TBI,
complex,
pelvic,
fractures,PI
spleen,
liver,
and,
renal,
injuries,PI
and,
left,
diaphragmatic,
rupture,PI
,
.,
His,
initial,
chest,
X-ray,IMO
revealed,
his,
stomach,
herniating,PI
inside,
his,
left,
chest,
.,
He,
underwent,
immediate,
laparotomy,SurgicalProcedure
and,
repair,GOAL
of,
his,
left,
diaphragm,
.,
Intraoperatively,
the,
surgeon,
examined,
the,
right,
diaphragm,
by,
palpation,
and,
noted,
no,
abnormality,
.,
Postoperatively,
the,
patient,
had,
a,
prolonged,
ventilator,GOAL
dependence,
.,
His,
daily,
CXR,
showed,
right-sided,
diaphragmatic,
abnormality,
but,
was,
nonspeciﬁc,
.,
We,
performed,
a,
dynamic,
ultrasound,IM
to,
evaluate,
the,
right,
diaphragm,
the,
result,
suggested,
that,
the,
right,
diaphragm,
was,
paralysed,
probably,
secondary,
to,
right,
phrenic,
nerve,
injury,PI
.,
On,
3,
occasions,
(post-injury,
day,
0,
4,
and,
15),
the,
patient,
underwent,
CT,IM
of,
the,
chest,
none,
of,
those,
3,
scans,
reported,
right-sided,
diaphragmatic,
injury,PI
despite,
the,
presence,
of,
“hepatothorax”,
as,
well,
as,
“hump”,
“band”,
and,
“collar”,
signs,
.,
Eventually,
on,
post-injury,
day,
17,
the,
patient,
underwent,
a,
diagnostic,
laparoscopy,IM
we,
found,
the,
liver,
herniating,PI
into,
the,
right,
chest,
.,
28-year,
lady,
was,
brought,
to,
the,
ED,
with,
an,
alleged,
history,
of,
accidental,
strangulation,
by,
cloth,
while,
working,
in,
ﬁelds,
.,
The,
patient,
presented,
to,
us,
after,
8,
h,
of,
trauma,PI
.,
Airway,
was,
patent,PI
and,
the,
cervical,
spine,
motion,
was,
restricted,PI
,
.,
A,
patterned,
bruise,
of,
strangulation,
was,
present,
in,
the,
middle,
of,
the,
neck,
.,
Larynx,
and,
cricotracheal,
junction,
were,
normal,
to,
palpation,
.,
Breathing,
and,
circulation,
were,
normal,
and,
there,
was,
no,
neurological,
disability,
.,
Mild,
surgical,
emphysema,PI
was,
present,
in,
the,
face,
and,
neck,
.,
CECT,IM
neck,
revealed,
tracheal,
transection,PI
more,
than,
50%,
of,
the,
circumference,
and,
an,
abnormally,
dilated,PI
segment,
of,
the,
esophagus,
.,
Contrast,
esophagogram,
wasn't,
performed,
as,
the,
patient,
had,
an,
upfront,
indication,
of,
exploration,GOAL
,
.,
CT,IM
Angio,IM
revealed,
complete,
luminal,
occlusion,
of,
left,
Common,
Carotid,
Artery,
due,
to,
thrombosis,
3,
cm,
below,
bifurcation,
however,
the,
contrast,
was,
present,
in,
the,
internal,
carotid,
artery,
presumably,
entering,
retrogradely,
from,
external,
carotid,
artery,
.,
Interventional,
radiology,
expertise,
for,
CCA,
stenting,
wasn't,
available,
.,
The,
patient,
was,
taken,
up,
for,
emergent,
exploration,GOAL
where,
complete,
transection,PI
of,
the,
trachea,
was,
repaired,GOAL
along,
with,
the,
esophagus,
.,
CCA,
exploration,GOAL
revealed,
a,
contused,PI
artery,
not,
amenable,
to,
resection,
and,
end,
to,
end,
repair,GOAL
,
.,
CCA,
size,
precluded,
the,
use,
of,
saphenous,
graft,
due,
to,
anticipated,
luminal,
discrepancy,
and,
subsequent,
turbulent,
ﬂow,
.,
PTFE,
and,
Dacron,
couldn't,
be,
arranged,
in,
the,
middle,
of,
the,
night,
.,
The,
operating,
surgeon,
decided,
to,
manage,
CCA,
contusion,PI
and,
thrombosis,
non-operatively,
as,
the,
patient,
presented,
after,
8,
h,
and,
majority,
strokes,
in,
Grade,
4,
injury,PI
would,
have,
manifested,
in,
this,
period,
.,
CCA,
ligation,
wasn't,
done,
in,
the,
apprehension,
of,
antegrade,
thrombus,
propagation,GOAL
post,
ligation,
.,
Unfortunately,
the,
patient,
developed,
right,
hemiparesis,PI
in,
the,
immediate,
post-operative,
period,
.,
MR,IM
brain,
with,
angiogram,IM
revealed,
thrombus,
propagation,GOAL
involving,
ICA,
and,
Left,
MCA,
and,
conﬁrmed,
stroke,
,
.,
The,
patient,
was,
started,
on,
anticoagulation,
and,
intensive,
physiotherapy,GOAL
,
.,
Her,
maximal,
power,
was,
2/5,
in,
the,
upper,
limb,
and,
3/5,
in,
the,
lower,
limb,
.,
With,
physiotherapy,GOAL
she,
started,
regaining,
strength,
and,
by,
the,
third,
postoperative,
day,
she,
had,
regained,
full,
power,
and,
could,
write,
and,
walk,
independently,
.,
Follow,
up,
Doppler,
showed,
no,
recanalization,
.,
The,
rest,
post-op,
period,
was,
uneventful,
and,
the,
patient,
was,
discharged,
home,
neurologically,
intact,
on,
antithrombotic,
therapy,GOAL
.,
We,
describe,
the,
case,
of,
a,
15,
year,
old,
boy,
who,
presented,
with,
generalised,
abdominal,
pain,PI
following,
a,
seemingly,
minor,
collision,
at,
weekend,
soccer,
.,
Investigation,
revealed,
a,
grade,
IV,
pancreatic,
injury,PI
that,
was,
subsequently,
managed,
with,
pancreatic,
stent,
insertion,
by,
endoscopic,
retrograde,
cholangiopancreatography,
and,
total,
parenteral,
nutrition,
(TPN),
prior,
to,
recommencing,
low,
fat,
diet,
10,
days,
post-injury,
.,
A,
previously,
well,
15,
year,
old,
male,
presented,
to,
the,
Emergency,
department,
at,
1600,
h,
4,
hours,
after,
a,
seemingly,
minor,
blunt,
abdominal,
injury,PI
during,
a,
weekend,
soccer,
match,
.,
Initially,
following,
the,
impact,
of,
another,
player's,
knee,
to,
the,
abdomen,
the,
adolescent,
rested,
out,
of,
the,
game,
for,
half,
an,
hour,
before,
returning,
to,
play,
the,
second,
half,
.,
Following,
the,
game,
he,
returned,
home,
tolerated,
an,
afternoon,
meal,
before,
the,
gradual,
onset,
of,
constant,
dull,
severe,
non-radiating,
generalised,
abdominal,
pain,PI
that,
was,
not,
exacerbated,
by,
movement,
.,
Due,
to,
family,
concerns,
the,
patient,
presented,
to,
our,
Level,
I,
Tertiary,
referral,
trauma,PI
centre,
by,
own,
means,
.,
He,
was,
normotensive,
and,
not,
tachycardic,PI
.,
The,
patient,
had,
no,
signiﬁcant,
medical,
history,
.,
Physical,
examination,GOAL
revealed,
a,
guarded,
abdomen,
.,
Focused,
Assessment,
with,
Sonography,IM
for,
Trauma,PI
(FAST),IM
suggested,
a,
trace,
of,
free,
ﬂuid,
in,
the,
sagittal,
pelvic,
image,
.,
The,
initial,
blood,
pathology,
was,
normal,
except,
for,
an,
elevation,
of,
amylase,
410,
units/l,
lipase,
771,
units/l,
and,
white,
cell,
count,
12,
0.2,
×,
109/l,
.,
He,
was,
admitted,
for,
observation,GOAL
and,
serial,
clinical,
and,
FAST,IM
assessments,
.,
The,
patient's,
symptoms,
failed,
to,
improve,
after,
24,
h,
observation,GOAL
during,
which,
time,
he,
developed,
shoulder,
tip,
and,
central,
back,
pain,PI
.,
A,
repeat,
FAST,IM
24,
h,
post-admission,
again,
revealed,
possible,
trace,
free,
ﬂuid,
in,
the,
sagittal,
pelvic,
images,
with,
new,
concerns,
regarding,
trace,
free,
ﬂuid,
to,
the,
spleno-renal,
angle,
.,
A,
computed,
tomography,
(CT),IM
scan,
was,
performed,
with,
intravenous,
contrast,
.,
This,
revealed,
a,
transverse,
laceration,
through,
the,
neck,
of,
the,
pancreas,
with,
normal,
enhancement,
of,
the,
pancreas,
and,
no,
pancreatic,
duct,
dilatation,
consistent,
with,
American,
Association,
for,
the,
Surgery,SurgicalProcedure
of,
Trauma,PI
(AAST),
Organ,
Injury,PI
Scale,
(OIS),
grade,
IV,
injury,PI
.,
Additionally,
there,
was,
a,
small,
volume,
low,
density,
intraperitoneal,
ﬂuid,
retroperitoneal,
stranding,
omental,
contusion,PI
and,
a,
small,
linear,
laceration,
of,
the,
posterior,
left,
kidney,
without,
peri-nephric,
collection,
(AAST-OIS,
Grade,
II,
injury)PI,
.,
There,
was,
no,
injury,PI
to,
the,
other,
solid,
organs,
or,
the,
duodenum,
.,
The,
patient,
was,
kept,
nil,
by,
mouth,
with,
intravenous,
antibiotics,
TPN,
and,
octreotide,
100,
mg,
three,
times,
a,
day,
via,
a,
percutaneous,
inserted,
central,
catheter,
(PICC),
.,
Ongoing,
central,
abdominal,
pain,PI
consistent,
with,
acute,
pancreatitis,
prompted,
further,
imaging,GOAL
on,
day,
2,
by,
magnetic,
resonance,
cholangiopancreatography,
(MRCP),IM
.,
This,
conﬁrmed,
the,
CT,IM
ﬁndings,
and,
the,
patient,
was,
booked,
for,
ERCP,IM
the,
following,
day,
.,
At,
ERCP,IM
the,
pancreatic,
duct,
was,
selectively,
cannulated,
and,
contrast,
extravasation,PI
was,
seen,
at,
the,
pancreatic,
neck,
.,
A,
5,
cm,
5Fr,
pigtail,
plastic,
stent,
was,
inserted,
across,
the,
defect,
and,
the,
patient,
remained,
on,
TPN,
and,
octreotide,
for,
10,
days,
.,
Repeat,
MRCP,IM
10,
days,
later,
showed,
a,
contiguous,
main,
pancreatic,
duct,
of,
normal,
calibre,
and,
appearance,
with,
no,
evidence,
of,
transection,PI
and,
improvement,
of,
the,
peri-pancreatic,
oedema,PI
.,
The,
patient,
was,
allowed,
to,
resume,
a,
low,
fat,
diet,
and,
TPN,
was,
weaned,
and,
ceased,
.,
The,
patient,
returned,
home,
on,
pantoprazole,
40,
mg,
daily,
he,
was,
electively,
brought,
back,
to,
hospital,
12,
days,
later,
for,
ERCP,IM
and,
stent,
removal,GOAL
.,
At,
ERCP,IM
the,
pigtail,
stent,
was,
not,
seen,
having,
likely,
passed,
out,
and,
there,
was,
no,
evidence,
of,
extravasation,PI
of,
contrast,
consistent,
with,
resolution,
of,
injury,PI
.,
Follow-up,
as,
an,
outpatient,
was,
without,
incident,
over,
a,
three-month,
period,
.,
The,
patient,
has,
been,
advised,
not,
to,
partake,
in,
contact,
sports,
for,
six,
months,
.,
A,
25-year-old,
male,
camel,
caregiver,
presented,
to,
the,
Emergency,
Department,
of,
Al-Ain,
Hospital,
1,
h,
after,
being,
bitten,
several,
times,
in,
the,
left,
side,
of,
his,
head,
and,
neck,
by,
a,
15-year-old,
male,
camel,
.,
The,
injury,PI
occurred,
in,
the,
farm,
while,
the,
patient,
was,
trying,
to,
feed,
the,
camel,
.,
The,
camel,
turned,
aggressive,
and,
strongly,
and,
repeatedly,
gripped,
the,
patient's,
face,
between,
its,
jaws,
lifting,
the,
patient,
up,
in,
the,
air,
while,
shaking,
and,
throwing,
him,
forcefully,
to,
the,
ground,
.,
These,
bites,
were,
repeated,
four,
times,
to,
the,
patient's,
face,
and,
neck,
.,
The,
patient,
was,
able,
to,
rescue,
himself,
only,
after,
putting,
his,
headscarf,
inside,
the,
camel's,
mouth,
.,
On,
clinical,
examination,GOAL
the,
patient,
was,
fully,
conscious,
alert,
but,
in,
severe,
distress,
.,
His,
blood,
pressure,
was,
159/91,
mm,
Hg,
.,
Pulse,
rate,
was,
47,
beats,
per,
minute,
and,
body,
temperature,
was,
36,
0.5,
°C,
.,
There,
were,
multiple,
puncture,
and,
laceration,
wounds,
on,
the,
left,
side,
of,
his,
face,
and,
neck,
.,
Inspection,
of,
the,
facial,
wounds,
showed,
a,
swollen,
left,
eye,
with,
lacerations,
on,
the,
eyelid,
and,
eyebrow,
with,
extensive,
subconjunctival,
hemorrhage,PI
.,
An,
approximately,
13,
cm,
lacerated,
wound,
on,
the,
left,
side,
of,
the,
face,
extended,
from,
the,
temporal,
region,
to,
the,
left,
chin,
with,
surrounding,
skin,
erythema,
.,
There,
was,
bleeding,
from,
the,
left,
ear,
with,
a,
laceration,
of,
the,
crus,
of,
the,
left,
helix,
.,
Neck,
inspection,
showed,
a,
7,
cm,
laceration,
in,
the,
left,
submandibular,
area,
with,
no,
obvious,
injury,PI
to,
the,
adjacent,
great,
vessels,
.,
The,
patient,
was,
given,
0,
0.5,
ml,
of,
tetanus,
toxoid,
vaccine,
intramuscularly,
and,
was,
admitted,
to,
the,
hospital,
.,
A,
trauma,PI
computed,
tomography,
(CT),IM
was,
performed,
to,
detect,
other,
injuries,PI
.,
Maxillofacial,
CT,IM
without,
contrast,
showed,
a,
comminuted,
fracture,PI
of,
the,
left,
nasal,
bone,
a,
fracture,PI
of,
the,
medial,
orbital,
wall,
with,
sagging,
of,
medial,
rectus,
muscle,
into,
the,
fracture,PI
space,
medial,
rectus,
muscle,
hematoma,PI
fracture,PI
of,
lacrimal,
bone,
and,
displacement,PI
of,
piece,
of,
it,
into,
the,
orbit,
left,
preseptal,
hematoma,PI
complete,
opaciﬁcation,PI
of,
left,
intraocular,
content,
crystalline,
lens,
was,
not,
identiﬁed,
and,
the,
eye,
appeared,
as,
one,
chamber,
with,
loss,PI
of,
the,
eyewall,
integrity,
.,
Although,
the,
left,
optic,
nerve,
appeared,
stretched,
there,
were,
no,
obvious,
CT,IM
ﬁndings,
for,
its,
injury,PI
.,
CT,IM
angiographic,IM
study,
of,
the,
neck,
arteries,
showed,
no,
evidence,
of,
active,
extravasation,PI
dissection,
or,
thrombosis,
.,
Prophylactic,
antibiotic,
using,
intravenous,
ceftriaxone,
and,
metronidazole,
was,
commenced,
.,
The,
patient,
was,
taken,
to,
the,
operation,
room,
and,
the,
wounds,
were,
explored,
and,
debrided,
under,
general,SurgicalPreparation
anesthesia,SurgicalPreparation
.,
Upper,
lid,
(2,
cm),
full,
thickness,
laceration,
eyebrow,
(3,
0.5,
cm),
lateral,
to,
lateral,
canthal,
area,
laceration,
and,
inferior,
bulbar,
conjunctiva,
were,
repaired,GOAL
.,
There,
was,
a,
massive,
corneal,
laceration,
with,
expulsion,
of,
the,
eye,
content,
.,
Salvaging,
the,
left,
eye,
was,
not,
possible,
and,
evisceration,
of,
the,
eye,
was,
performed,
.,
Intraoperative,
examination,GOAL
of,
the,
left,
cheek,
wound,
site,
revealed,
macerated,
muscle,
with,
a,
deep,
wound,
penetrating,PI
the,
underlying,
superﬁcial,
musculoaponeurotic,
system,
.,
The,
left,
Parotid,
duct,
was,
partially,
transected,
over,
the,
masseter,
muscle,
.,
This,
was,
approximated,
and,
primarily,
repaired,GOAL
using,
Nylon,
8/0,
sutures,
and,
the,
parotid,
gland,
capsule,
was,
also,
sutured,
.,
The,
buccal,
branch,
of,
the,
facial,
nerve,
could,
not,
be,
identiﬁed,
.,
The,
nasal,
bone,
fracture,PI
was,
managed,
with,
closed,
reduction,GOAL
.,
The,
lacerations,
of,
the,
left,
auricle,
and,
the,
left,
submandibular,
region,
were,
closed,
in,
layers,
.,
On,
a,
postoperative,
day,
6,
the,
patient,
developed,
a,
small,
left-sided,
sialocele,
which,
has,
rapidly,
progressed,
into,
a,
ﬁstula,
.,
This,
was,
managed,
with,
Hyoscine,
tablets,
transdermal,
scopolamine,
and,
pressure,
dressing,
.,
A,
favorable,
response,
was,
observed,
after,
three,
days,
.,
The,
patient,
was,
discharged,
home,
on,
day,
9,
in,
a,
good,
general,SurgicalPreparation
condition,
and,
was,
placed,
on,
Clindamycin,
600,
mg,
4,
times,
a,
day,
Hyoscine,
20,
mg,
3,
times,
a,
day,
and,
Erythromycin,
0,
.5%,
ophthalmic,
ointment,
.,
A,
follow,
up,
at,
one,
month,
showed,
a,
satisfactory,
scar,
completely,
healed,
salivary,
ﬁstula,
and,
a,
residual,
weak,
upper,
lip,
function,
.,
The,
patient,
gave,
written,
informed,
consent,
for,
publication,
of,
his,
clinical,
images,
in,
this,
manuscript,
.,
A,
75-year-old,
male,
with,
history,
of,
atrial,
ﬁbrillation,
on,
Rivaroxaban,
was,
struck,
by,
a,
motor,
vehicle,
.,
Upon,
arrival,
he,
was,
hypotensive,
but,
with,
a,
Glasgow,
Coma,
Score,
of,
15,
.,
A,
strategy,
of,
permissive,
hypotension,PI
was,
maintained,
based,
upon,
the,
patient's,
mental,
status,
.,
Plain,
radiographs,IM
and,
CT,IM
imaging,GOAL
were,
obtained,
and,
demonstrated,
multiple,
rib,
fractures,PI
and,
a,
celiac,
artery,
injury,PI
with,
contrast,
extravasation,PI
and,
associated,
hematoma,PI
.,
He,
was,
immediately,
transported,
to,
our,
hybrid,
operating,
room,
and,
placed,
under,
general,SurgicalPreparation
anesthesia,SurgicalPreparation
.,
Percutaneous,
femoral,
artery,
access,
was,
obtained,
and,
aortography,IM
was,
performed,
.,
This,
demonstrated,
a,
complete,
avulsion,
of,
the,
celiac,
artery,
with,
distal,
reconstitution,
via,
retrograde,
ﬁling,
from,
the,
superior,
mesenteric,
artery,
.,
Initially,
given,
the,
stability,
of,
the,
patient,
attempts,
were,
made,
to,
traverse,
the,
injury,PI
to,
perform,
endovascular,
intervention,
in,
a,
hybrid,
operating,
room,
but,
these,
were,
unsuccessful,
despite,
the,
use,
of,
multiple,
wire,
catheter,
and,
sheath,
combinations,
.,
The,
patient,
was,
already,
prepped,
for,
and,
immediately,
underwent,
a,
midline,
laparotomy,SurgicalProcedure
as,
there,
was,
obvious,
concern,
that,
he,
may,
either,
decompensate,
or,
the,
injury,PI
might,
not,
be,
amenable,
to,
endovascular,
intervention,
.,
The,
celiac,
axis,
and,
aorta,
were,
explored,
through,
the,
lesser,
sac,
and,
control,
of,
the,
celiac,
origin,
was,
obtained,
with,
a,
side-biting,
aortic,
clamp,
with,
scant,
back-bleeding,
from,
the,
distal,
celiac,
stump,
.,
The,
splenic,
artery,
and,
common,
hepatic,
artery,
were,
isolated,
and,
the,
left,
gastric,
artery,
was,
ligated,
.,
The,
gastroduodenal,
artery,
was,
patent,PI
however,
worsening,
hepatic,
ischemia,PI
was,
visualized,
during,
the,
case,
this,
ligation,
alone,
was,
felt,
to,
be,
unsafe,
.,
Therefore,
an,
aorto-celiac,
bypass,SurgicalProcedure
with,
a,
6-mm,
Dacron,
graft,
was,
performed,
utilizing,
the,
supra-celiac,
aorta,
as,
the,
inﬂow,
source,
.,
The,
celiac,
stump,
was,
over-sewn,
.,
A,
temporary,
abdominal,
closure,GOAL
was,
performed,
and,
the,
patient,
was,
transferred,
to,
the,
surgical,
intensive,
care,
unit,
for,
resuscitation,
.,
His,
abdomen,
was,
closed,
four,
days,
after,
his,
initial,
operation,
.,
A,
prolonged,
hospital,
course,
ensued,
with,
complications,
including,
a,
pancreatic,
leak,PI
with,
pseudocyst,
formation,
necessitating,
ERCP,IM
and,
endoscopic,
cyst-gastrotomy,SurgicalProcedure
pneumonia,PI
acute,
kidney,
injury,PI
and,
splenic,
artery,
pseudoaneurysm,PI
managed,
by,
exclusion,
and,
embolization,
.,
The,
patient,
was,
discharged,
home,
and,
expired,
22,
months,
after,
his,
trauma,PI
from,
acute,
respiratory,
failure,
leading,
to,
hypoxic,
brain,
injury,PI
.,
Consent,
was,
obtained,
for,
the,
publication,
of,
this,
report,
.,
A,
72,
year-old,
male,
with,
a,
history,
of,
myocardial,
infarction,
and,
stroke,
(without,
any,
residual,
side,
effects),
presented,
with,
a,
recurrent,
left-sided,
subdural,
hematoma,PI
within,
a,
seven-month,
period,
.,
The,
patient,
originally,
presented,
to,
the,
neurosurgical,
clinic,
complaining,
of,
a,
two-day,
history,
of,
personality,
changes,
urinary,
incontinence,
balance,
instability,
and,
headaches,
.,
Physical,
examination,GOAL
was,
signiﬁcant,
for,
a,
decreased,
level,
of,
consciousness,
cognitive,
impairment,PI
ataxic,
gait,
speech,
difﬁculty,
right-sided,
hemianopsia,PI
mild,
third,
and,
sixth,
nerve,
palsy,
as,
well,
as,
papilledema,PI
on,
fundoscopic,
examination,GOAL
.,
A,
computerized,
tomography,
(CT),IM
image,
revealed,
a,
chronic,
recurrent,
left-sided,
subdural,
hematoma,PI
.,
The,
patient,
was,
admitted,
from,
the,
emergency,
department,
and,
the,
subdural,
hematoma,PI
was,
drained,GOAL
with,
placement,
of,
a,
valveless,
subdural,
peritoneal,
shunt,
.,
The,
patient,
in,
the,
supine,
position,
and,
under,
general,SurgicalPreparation
endotracheal,
anesthesia,SurgicalPreparation
was,
prepped,
and,
draped,
with,
routine,
sterile,SurgicalPreparation
methods,
including,
the,
left,
frontal,
parietal,
and,
occipital,
areas,
in,
addition,
to,
the,
ipsilateral,
side,
of,
the,
chest,
neck,
and,
abdomen,
.,
Endoscopy,
was,
used,
to,
pass,
the,
peritoneal,
shunt,
up,
to,
the,
parieto-occipital,
juncture,
.,
A,
burr,
hole,
was,
created,
and,
the,
dura,
opened,
in,
the,
left,
frontal,
area,
.,
After,
evacuation,
of,
the,
hematoma,PI
a,
ventricular,
catheter,
was,
connected,
to,
the,
peritoneal,
tubing,
.,
Physical,
examination,GOAL
two,
days,
postoperatively,
revealed,
complete,
resolution,
of,
all,
neurological,
deﬁcits,
.,
The,
patient,
presented,
to,
a,
one-month,
follow-up,
appointment,
without,
the,
presence,
of,
any,
neurological,
symptoms,
.,
CT,IM
imaging,GOAL
of,
the,
brain,
showed,
complete,
resolution,
of,
the,
hematoma,PI
with,
no,
new,
recurrences,
.,
A,
46,
year,
old,
male,
was,
an,
alcohol-intoxicated,
restrained,
passenger,
in,
a,
head-on,
motor,
vehicle,
collision,
suffering,
blunt,
force,
abdominal,
trauma,PI
.,
At,
the,
collision,
site,
EMS,
recorded,
a,
Glasgow,
Coma,
Score,
of,
15,
with,
stable,
vital,
signs,
.,
He,
was,
transferred,
to,
Cabell,
Huntington,
Hospital,
where,
he,
was,
intubated,
and,
found,
to,
be,
tachycardic,PI
and,
profoundly,
academic,
to,
an,
arterial,
pH,
of,
7,
0.19,
with,
accompanying,
base,
deﬁcit,
of,
-11,
.,
Hemoglobin,
was,
12,
0.9,
hematocrit,
37,
0.1,
PT,
11,
0.5,
sec,
and,
APTT,
23,
0.5,
sec,
.,
CT,IM
showed,
acute,
thoracic,
aortic,
rupture,PI
with,
a,
large,
volume,
of,
blood,
inferiorly,
along,
the,
aorta,
right,
middle,
and,
lower,
lobe,
lung,
contusions,PI
and,
a,
4,
cm,
laceration,
along,
the,
inferior,
lobe,
of,
the,
liver,
with,
blood,
in,
the,
renal,
hilum,
suggesting,
right,
renovascular,
injury,PI
and,
free,
ﬂuid,
within,
the,
pelvis,
.,
He,
was,
transferred,
to,
Saint,
Mary’s,
Medical,
Center,
for,
emergent,
management,GOAL
of,
aortic,
rupture,PI
.,
Emergent,
surgical,
management,GOAL
of,
the,
ruptured,PI
thoracic,
aorta,
was,
completed,
by,
the,
cardiothoracic,
team,
.,
Upon,
completion,
initiation,
of,
exploratory,
laparotomy,SurgicalProcedure
was,
begun,
noting,
blood,
in,
the,
peritoneum,
and,
bile,
staining,
in,
the,
right,
upper,
quadrant,
associated,
with,
the,
transverse,
and,
hepatic,
ﬂexures,
of,
the,
colon,
.,
The,
gallbladder,
was,
visibly,
distended,PI
ﬁrm,
to,
palpation,
and,
discolored,
but,
showed,
no,
signs,
of,
rupture,PI
.,
Subcapsular,
hematoma,PI
was,
appreciated,
along,
the,
right,
posterior,
lobe,
of,
the,
liver,
but,
showed,
no,
signs,
of,
actively,
expanding,
or,
gross,
laceration,
.,
Open,
cholescystectomy,
with,
intraoperative,
cholangiogram,IM
was,
performed,
on,
a,
thick,
distended,PI
and,
grossly-discolored,
gallbladder,
consistent,
with,
hemorrhage,PI
into,
the,
gallbladder,
lumen,
.,
Conray,
contrast,
was,
used,
to,
demonstrate,
a,
completely,
intact,
biliary,
tree,
with,
extravasation,PI
noted,
from,
the,
common,
bile,
duct,
.,
Duodenal,
injury,PI
was,
ruled,
out,
by,
passing,
methylene,
blue,
through,
the,
orogastric,
tube,
with,
no,
extravasation,PI
appreciated,
and,
colon,
was,
assessed,
via,
direct,
visualization,
by,
Kocher,
maneuver,
and,
mobilization,
of,
the,
hepatic,
ﬂexure,
.,
Due,
to,
the,
duration,
of,
the,
thoracic,
aorta,
repair,GOAL
and,
the,
exploratory,
laparotomy,SurgicalProcedure
the,
decision,
was,
made,
to,
place,
a,
16-French,
T-tube,
in,
the,
common,
bile,
duct,
in,
addition,
to,
two,
large,
#24,
Jackson-Pratt,
tubes,
in,
the,
vicinity,
of,
the,
bile,
duct,
.,
The,
patient,
was,
maintained,
on,
ventilator,GOAL
in,
the,
neurotrauma,PI
intensive,
care,
unit,
.,
In,
the,
postoperative,
period,
the,
T-tube,
drained,GOAL
golden,
brown,
bile,
and,
was,
well-tolerated,
.,
Urine,
collection,
via,
Foley,
catheter,
showed,
blood-tinged,
urine,
that,
persisted,
until,
POD,
10,
but,
then,
spontaneously,
resolved,
.,
During,
this,
time,
on,
POD,
6,
the,
patient,
underwent,
gastrostomy,SurgicalProcedure
with,
placement,
of,
percutaneous,
gastrostomy,SurgicalProcedure
and,
tracheostomy,SurgicalProcedure
tubes,
.,
Due,
to,
the,
PEG,
becoming,
disloged,
on,
POD,
8,
the,
patient,
underwent,
exploratory,
laparotomy,SurgicalProcedure
and,
gastrostomy,SurgicalProcedure
with,
jejunostomy,
tube,
placement,
and,
removal,GOAL
of,
foreign,PI
body,
.,
Evaluation,GOAL
on,
postoperative,
day,
10,
showed,
successful,
drainage,GOAL
of,
the,
operative,
site,
via,
T-tube,
.,
The,
patient,
continued,
to,
improve,
and,
was,
discharged,
on,
POD,
28,
with,
T-tube,
and,
J,
tubes,
in,
place,
.,
Recovery,
was,
complicated,
during,
the,
outpatient,
course,
as,
frank,
blood,
began,
appearing,
in,
the,
patient’s,
urine,
on,
POD,
39,
and,
the,
patient,
began,
complaining,
of,
pain,PI
around,
tube,
sites,
.,
CT,IM
urogram,IM
showed,
no,
residual,
renal,
injury,PI
and,
was,
presumed,
to,
be,
due,
to,
residual,
posttraumatic,
blood,
accumulation,
.,
Of,
note,
a,
small,
amount,
of,
ﬂuid,
was,
appreciated,
in,
the,
anterior,
right,
middle,
and,
upper,
abdomen,
along,
the,
inferior,
right,
lobe,
of,
the,
liver,
not,
seen,
previously,
but,
consistent,
with,
postoperative,
seroma,
.,
A,
urinary,
tract,
infection,PI
was,
diagnosed,
and,
managed,
medically,
.,
T,
tube,
cholangiogram,IM
revealed,
no,
abnormalities,
and,
the,
the,
T-tube,
was,
removed,
along,
with,
J-tube,
on,
POD,
54,
.,
The,
remainder,
of,
the,
patient’s,
recovery,
period,
was,
uneventful,
with,
regards,
to,
hepatobiliary,
procedures,
however,
frank,
blood,
in,
the,
urine,
persisted,
for,
an,
additional,
6,
months,
due,
complications,
of,
subclinical,
traumatic,
kidney,
injury,PI
sustained,
during,
the,
motor,
vehicle,
collision,
.,
A,
54-year-old,
male,
competitive,
powerlifter,
with,
a,
past,
medical,
history,
of,
hypertension,PI
hyperlipidemia,
and,
coronary,
artery,
disease,
presented,
to,
our,
emergency,
department,
(ED),
with,
a,
complaint,
of,
right,
greater,
than,
left,
lower,
abdominal,
pain,PI
.,
He,
had,
been,
performing,
a,
back-squat,
with,
670,
lbs,
.,
when,
he,
felt,
a,
painful,PI
“pop”,
in,
his,
lower,
abdomen,
.,
He,
also,
reported,
experiencing,
urinary,
urgency,
frequency,
and,
hematuria,PI
.,
He,
denied,
any,
lower,
extremity,
motor,
weakness,
or,
sensory,
changes,
.,
On,
visual,
inspection,
there,
was,
ecchymosis,PI
at,
the,
base,
of,
his,
penis,
.,
No,
obvious,
scrotal,
swelling,PI
was,
seen,
.,
Initial,
physical,
examination,GOAL
by,
the,
ED,
physician,
was,
positive,
for,
abdominal,
distension,PI
tenderness,PI
and,
guarding,
but,
no,
rebound,
tenderness,PI
or,
signs,
of,
peritonitis,
were,
elicited,
.,
A,
rapid,
bedside,
ultrasound,IM
examination,GOAL
was,
negative,
for,
intraperitoneal,
pathology,
.,
A,
CT,IM
angiogram,IM
of,
the,
abdomen,
and,
pelvis,
was,
performed,
followed,
by,
CT,IM
urogram,IM
.,
Results,
showed,
widening,
of,
the,
pubic,
symphysis,PI
measuring,
up,
to,
18,
mm,
.,
Close,
review,
of,
the,
CT,IM
imaging,GOAL
demonstrated,
small,
amounts,
of,
air,
in,
both,
sacroiliac,
joints,
but,
it,
was,
felt,
that,
the,
overall,
stability,
of,
the,
pelvic,
ring,
had,
not,
been,
compromised,
and,
that,
the,
air,
may,
represent,
chronic,
degenerative,
joint,
changes,
.,
There,
was,
also,
a,
large,
intraluminal,
bladder,
hematoma,PI
taking,
up,
over,
50%,
of,
the,
bladder,
volume,
with,
contrast,
extravasation,PI
along,
the,
right,
side,
of,
the,
retropubic,
space,
anterior,
to,
the,
prostate,
.,
The,
patient,
was,
taken,
to,
the,
operating,
room,
(OR),
by,
a,
urologist,
for,
cystoscopy,
and,
intraluminal,
hematoma,PI
evacuation,
.,
Cauterization,GOAL
of,
the,
bleeding,
was,
unsuccessful,
so,
the,
procedure,
was,
concluded,
and,
the,
patient,
was,
transferred,
to,
the,
interventional,
radiology,
suite,
.,
An,
arteriogram,GOAL
was,
performed,
which,
showed,
active,
extravasation,PI
of,
a,
“replaced”,
or,
“accessory”,
obturator,
artery,
an,
anatomic,
variant,
of,
the,
obturator,
artery,
as,
a,
branch,
from,
the,
inferior,
epigastric,
artery,
rather,
than,
from,
the,
usual,
anterior,
division,
of,
the,
internal,
iliac,
artery,
.,
This,
artery,
was,
coiled,
and,
repeat,
arteriogram,GOAL
showed,
no,
further,
extravasation,PI
.,
No,
injury,PI
to,
the,
internal,
iliac,
artery,
system,
was,
seen,
.,
Several,
hours,
later,
despite,
the,
embolization,
procedure,
and,
continuous,
bladder,
irrigation,
the,
patient,
continued,
to,
experience,
hematuria,PI
.,
The,
treatment,GOAL
teams,
decide,
to,
return,
to,
the,
OR,
for,
open,
exploration,GOAL
and,
bladder,
repair,GOAL
.,
A,
low,
midline,
incision,
was,
used,
to,
enter,
the,
retropubic,
space,
and,
signiﬁcant,
hematoma,PI
was,
evacuated,
.,
A,
running,
suture,
was,
used,
to,
repair,GOAL
a,
hole,
in,
the,
bladder,
wall,
.,
Repeat,
cystoscopy,
was,
performed,
and,
an,
additional,
suture,
was,
used,
to,
seal,
a,
small,
intraluminal,
leak,PI
.,
The,
retropubic,
space,
continued,
to,
ooze,
blood,
so,
packing,
was,
placed,
around,
the,
prostate,
and,
hemostasis,SurgicalProcedure
was,
achieved,
.,
A,
temporary,
abdominal,
closure,GOAL
was,
performed,
with,
a,
plan,
to,
return,
to,
the,
OR,
for,
removal,GOAL
of,
packing,
material,
and,
repeat,
exploration,GOAL
.,
On,
hospital,
day,
3,
the,
patient,
was,
brought,
back,
to,
the,
OR,
packing,
material,
was,
removed,
and,
no,
further,
bleeding,
was,
noted,
.,
At,
this,
point,
the,
orthopaedic,
trauma,PI
team,
was,
asked,
to,
re-examine,
his,
symphysis,PI
given,
the,
direct,
visualization,
of,
the,
pelvic,
ring,
disruption,PI
.,
The,
diastasis,
was,
measured,
to,
be,
30,
mm,
using,
a,
sterile,SurgicalPreparation
ruler,
so,
the,
decision,
was,
made,
to,
proceed,
with,
plate,
ﬁxation,
of,
the,
symphysis,PI
.,
This,
was,
accomplished,
with,
a,
Jungbluth,
clamp,
along,
the,
anterior,
surface,
for,
reduction,GOAL
and,
placement,
of,
a,
Synthes,
3,
0.5,
mm,
6-hole,
pubic,
symphysis,PI
plate,
(Synthes),
with,
3,
0.5,
mm,
Bone,
Screw,
Fasteners,
.,
A,
medium,
Hemovac,
drain,
was,
placed,
and,
primary,
closure,GOAL
was,
performed,
of,
his,
fascia,
and,
skin,
incision,
.,
Post-operatively,
he,
was,
allowed,
to,
weight,
bear,
for,
transfers,
only,
.,
By,
3,
months,
following,
surgery,SurgicalProcedure
he,
was,
allowed,
to,
weight-bear,
as,
tolerated,
and,
has,
gone,
on,
to,
do,
well,
without,
any,
radiographic,IM
or,
clinical,
signs,
of,
implant,
failure,
.,
Our,
patient,
is,
a,
15-year-old,
boy,
who,
was,
the,
victim,
of,
a,
hit,
and,
run,
accident,
while,
on,
his,
skateboard,
.,
He,
was,
unresponsive,
in,
the,
ﬁeld,
with,
multiple,
injuries,PI
including,
a,
deformed,
left,
upper,
extremity,
and,
a,
tension,
pneumothorax,PI
requiring,
needle,
decompression,
.,
He,
was,
emergently,
brought,
to,
our,
trauma,PI
center,
and,
stabilized,GOAL
.,
Initial,
CT,IM
head,
showed,
a,
small,
right,
subdural,
hematoma,PI
with,
contralateral,
left-sided,
subdural,
hematoma,PI
as,
well,
as,
multiple,
temporal,
contusions,PI
with,
a,
depressed,
temporal,
skull,
fracture,PI
that,
communicated,
with,
a,
basilar,
skull,
fracture,PI
.,
The,
patient,
at,
this,
time,
was,
agitated,
however,
localizing,
with,
a,
GCS,
of,
7T,
.,
Given,
the,
basilar,
skull,
fractures,PI
the,
patient,
underwent,
a,
CT,IM
Angiogram,IM
of,
the,
brain,
a,
couple,
hours,
after,
the,
initial,
CT,IM
scan,
which,
showed,
a,
3,
0.5,
cm,
newly,
expanding,
right-sided,
epidural,
hematoma,PI
warranting,
emergent,
evacuation,
.,
This,
ﬁnding,
was,
not,
appreciated,
on,
the,
initial,
scan,
.,
Shortly,
before,
operative,
intervention,
the,
patient,
became,
bradycardic,PI
hypertensive,
and,
tachypnic,PI
signs,
of,
impending,
herniation,PI
.,
Intra-operatively,
he,
was,
found,
to,
have,
a,
signiﬁcant,
right-sided,
comminuted,
skull,
fracture,PI
extending,
from,
the,
temporal,
fossa,
to,
the,
basilar,
skull,
.,
A,
hemi-craniectomy,SurgicalProcedure
was,
performed,
and,
a,
large,
laceration,
was,
noted,
to,
the,
dural,
vessels,
as,
well,
as,
the,
middle,
meningeal,
artery,
.,
The,
epidural,
hematoma,PI
at,
this,
point,
was,
causing,
severe,
mass,
eﬀect,
which,
would,
have,
been,
fatal,
had,
subsequent,
imaging,GOAL
not,
been,
performed,
.,
Post,
operatively,
he,
was,
taken,
to,
the,
Pediatric,
ICU,
.,
He,
was,
weaned,
off,
sedation,
and,
extubated,
several,
days,
later,
noted,
to,
be,
neurologically,
intact,
with,
a,
GCS,
of,
15,
.,
He,
worked,
well,
with,
the,
physical,
occupational,
and,
cognitive,
therapy,GOAL
services,
and,
was,
medically,
stabilized,GOAL
for,
transfer,
to,
a,
rehab,
center,
.,
58,
years,
old,
obese,
lady,
was,
brought,
in,
emergency,
department,
by,
rescue,
team,
.,
She,
was,
accompanied,
by,
her,
son,
.,
She,
presented,
in,
critical,
condition,
was,
confused,
tachypneic,PI
and,
tachycardiac,PI
.,
According,
to,
attendant,
she,
was,
complaining,
for,
last,
2–3,
days,
of,
abdominal,
pain,PI
fever,PI
decreased,
oral,
intake,
and,
decreased,
urination,
.,
Presently,
she,
was,
taking,
her,
antihypertensive,
medication,
.,
Few,
minutes,
after,
arrival,
to,
emergency,
department,
she,
collapsed,
and,
was,
coded,
.,
She,
was,
pulseless,
with,
electrical,
cardiac,
activity,
(PEA),
.,
Cardiopulmonary,
resuscitation,
(CPR),
was,
initiated,
according,
to,
Adult,
Cardiac,
Life,
Support,
(ACLS),
protocol,
.,
Peripheral,
vascular,
access,
was,
difficult,
with,
several,
failed,
attempts,
.,
Patient,
was,
revived,
after,
5,
min,
of,
chest,
compression,
endotracheal,
tube,
ventilation,
and,
single,
shot,
of,
adrenaline,
.,
Initial,
investigations,
revealed,
raised,
WCC,
CRP,
and,
very,
high,
blood,
glucose,
levels,
.,
She,
was,
previously,
non-diabetic,
.,
Working,
diagnosis,GOAL
of,
septic,
shock,
was,
made,
.,
She,
was,
put,
on,
broad,
spectrum,
antibiotics,
which,
were,
changed,
according,
to,
sensitivity,
report,
of,
blood,
and,
urine,
cultures,
.,
Femoral,
arterial,
line,
was,
used,
for,
monitoring,
ﬂuid,
and,
drug,
administration,
.,
She,
was,
sedated,
and,
put,
on,
invasive,
ventilation,
.,
She,
was,
shifted,
to,
intensive,
care,
unit,
for,
monitoring,
and,
management,GOAL
.,
She,
remained,
oliguric,
despite,
ﬂuid,
replacement,
.,
Computed,
tomography,
(CT),IM
abdomen,
was,
performed,
which,
revealed,
impacted,
proximal,
right,
ureteric,
stone,
with,
dilatation,
of,
pelvicaleceal,
system,
and,
bi-basal,
lung,
consolidation,
.,
She,
was,
reviewed,
by,
urology,
team,
for,
urosepsis,
and,
JJ,
stent,
was,
place,
to,
relieve,
the,
obstruction,
.,
Frack,
pus,
and,
old,
blood,
was,
drained,GOAL
which,
conﬁrmed,
the,
reason,
of,
shock,
to,
be,
the,
urosepsis,
.,
Urine,
output,
improved,
but,
she,
still,
needed,
renal,
replacement,
therapy,GOAL
.,
Fever,PI
improved,
but,
it,
didn't,
touch,
the,
baseline,
.,
Similarly,
WCC,
and,
CRP,
were,
showing,
a,
decreasing,
trend,
.,
On,
6th,
post,
admission,
day,
patient,
regained,
consciousness,
urine,
output,
improved,
and,
invasive,
ventilatory,GOAL
support,
was,
withdrawn,
.,
She,
was,
transferred,
out,
of,
intensive,
care,
unit,
.,
She,
again,
developed,
high,
grade,
fever,PI
WCC,
and,
CRP,
was,
persistently,
raised,
.,
Now,
that,
patient,
was,
conscious,
and,
oriented,
she,
started,
complaining,
of,
left,
shoulder,
joint,
pain,PI
associated,
with,
weakness,
of,
left,
upper,
limb,
.,
Orthopedics,
team,
was,
asked,
to,
review,
the,
patient,
.,
On,
initial,
examination,GOAL
mild,
joint,
eﬀusion,
was,
suspected,
and,
turbid,
blood,
stained,
ﬂuid,
was,
aspirated,
.,
Iatrogenic,
skeletal,
injury,PI
during,
CPR,
was,
suspected,
and,
radiograph,IM
was,
obtained,
which,
was,
unremarkable,
other,
than,
degenerative,
changes,
.,
Magnetic,
resonance,
imaging,GOAL
scan,
was,
advised,
to,
rule,
out,
soft,
tissue,
pathology,
.,
MRI,GOAL
showed,
large,
effusion,PI
with,
surrounding,
tissue,
edema,PI
bone,
marrow,
edema,PI
with,
gas,
formation,
in,
proximal,
humerus,
.,
Based,
on,
these,
ﬁndings,
MRI,GOAL
suggested,
the,
diﬀerential,
diagnoses,
of,
septic,
arthritis,
with,
proximal,
humerus,
osteomyelitis,PI
gas,
gangrene,
and,
sequelae,
of,
proximal,
humeral,
intraosseous,
line,
.,
This,
was,
something,
new,
for,
the,
whole,
team,
.,
All,
notes,
were,
reviewed,
again,
but,
there,
was,
no,
mention,
of,
intraosseous,
line,
insertion,
.,
Resuscitation,
team,
was,
contacted,
and,
inquired,
about,
the,
intraosseous,
line,
and,
they,
conﬁrm,
that,
intraosseous,
line,
was,
inserted,
for,
initial,
resuscitation,
and,
it,
was,
removed,
when,
femoral,
arterial,
line,
was,
secured,
but,
they,
forgot,
to,
mention,
it,
in,
their,
notes,
.,
Mystery,
was,
solved,
.,
Shoulder,
joint,
was,
decompressed,
and,
washed,
arthroscopically,
.,
She,
was,
also,
diagnosed,
to,
have,
type,
II,
diabetes,
mellitus,
by,
endocrinology,
team,
and,
was,
managed,
accordingly,
.,
Rest,
of,
her,
recovery,
was,
uneventful,
.,
She,
was,
booked,
by,
urologist,
for,
removal,GOAL
of,
stone,
at,
a,
later,
stage,
.,
A,
47-year-old,
man,
was,
referred,
to,
our,
emergency,
department,
after,
experiencing,
blunt,
abdominal,
trauma,PI
5,
d,
earlier,
.,
The,
mechanism,
of,
injury,PI
was,
a,
blow,
to,
the,
epigastrium,
caused,
by,
a,
fall,
.,
His,
vital,
signs,
included,
a,
blood,
pressure,
of,
120/,
70,
mmHg,
heart,
rate,
of,
72,
beats,
per,
min,
body,
temperature,
of,
37,
0.2,
°C,
and,
respiratory,
rate,
of,
20,
breaths,
per,
min,
.,
Laboratory,
tests,
revealed,
a,
white,
blood,
cell,
count,
of,
21,
,310/mm3
mild,
increases,
in,
serum,
amylase/lipase,
levels,
(471/688,
U/L),
and,
a,
C-reactive,
protein,
level,
of,
25,
0.71,
mg/dL,
.,
An,
abdominal,
CT,IM
scan,
revealed,
discontinuity,
between,
the,
pancreas,
head,
and,
neck,
with,
peripancreatic,
ﬂuid,
collection,
.,
The,
patient,
was,
diagnosed,
with,
a,
grade-III,
pancreatic,
injury,PI
.,
His,
hemodynamic,
status,
remained,
stable,
over,
the,
5,
d,
following,
the,
fall,
.,
First,
we,
performed,
ERCP,IM
which,
demonstrated,
disruption,PI
of,
the,
main,
pancreatic,
duct,
with,
leakage,PI
at,
the,
neck,
portion,
of,
the,
pancreas,
.,
A,
5-Fr,
9-cm,
endoscopic,
pancreatic,
stent,
was,
inserted,
into,
the,
pancreatic,
duct,
across,
the,
disrupted,
portion,
.,
Next,
a,
percutaneous,
drainage,GOAL
catheter,
was,
placed,
at,
the,
site,
of,
peripancreatic,
ﬂuid,
collection,
.,
A,
follow-up,
CT,IM
scan,
revealed,
no,
exacerbation,
of,
the,
pancreatic,
injury,PI
and,
decreased,
peripancreatic,
ﬂuid,
collection,
volume,
.,
The,
patient's,
symptoms,
improved,
after,
endoscopic,
treatment,GOAL
and,
percutaneous,
catheter,
insertion,
.,
The,
percutaneous,
catheter,
was,
removed,
on,
hospital,
day,
20,
and,
the,
patient,
was,
discharged,
on,
hospital,
day,
26,
.,
Four,
months,
after,
discharge,
follow-up,
ERCP,IM
was,
performed,
and,
revealed,
no,
leakage,PI
at,
the,
disruption,PI
site,
but,
stricture,
around,
the,
leakage,PI
site,
.,
The,
initial,
stent,
was,
replaced,
with,
a,
7-Fr,
9-cm,
endoscopic,
pancreatic,
stent,
to,
dilate,
the,
stricture,
site,
.,
ERCP,IM
was,
performed,
again,
at,
7,
months,
after,
discharge,
and,
revealed,
mild,
stricture,
of,
the,
leakage,PI
site,
without,
leakage,PI
.,
Therefore,
the,
stent,
was,
removed,
.,
Another,
4,
months,
later,
the,
patient,
had,
experienced,
no,
further,
adverse,
events,
.,
A,
37-year-old,
male,
carpenter,
presented,
after,
a,
20-foot,
fall,
from,
a,
ladder,
at,
work,
.,
His,
GCS,
was,
15,
in,
the,
Trauma,PI
Bay,
and,
FAST,IM
exam,
was,
negative,
.,
Physical,
exam,
demonstrated,
a,
scalp,
laceration,
and,
pain,PI
with,
pelvic,
compression,
.,
There,
was,
no,
blood,
at,
the,
urethral,
meatus,
and,
no,
scrotal,
hematoma,PI
but,
Foley,
catheter,
placement,
yielded,
gross,
blood,
.,
Pelvis,
x-ray,IM
showed,
a,
pelvic,
ring,
fracture,PI
and,
CT,IM
scan,
conﬁrmed,
a,
crescent,
fracture,PI
of,
the,
left,
ilium,
with,
left,
superior,
and,
inferior,
pubic,
rami,
fractures,PI
.,
A,
CT,IM
cystogram,IM
demonstrated,
entrapment,
of,
the,
bladder,
in,
the,
left,
superior,
pubic,
ramus,
fracture,PI
with,
no,
contrast,
extravasation,PI
and,
residual,
contrast,
in,
the,
bladder,
showed,
the,
entrapment,
on,
plain,
ﬁlm,
.,
The,
patient,
was,
taken,
to,
the,
operating,
room,
the,
next,
day,
for,
open,
reduction,GOAL
and,
internal,
ﬁxation,
of,
his,
pelvis,
fracture,PI
with,
release,
of,
the,
entrapped,
bladder,
.,
After,
careful,
dissection,
a,
Cobb,
elevator,
was,
used,
to,
pry,
the,
left,
superior,
pubic,
ramus,
fracture,PI
apart,
and,
the,
bladder,
was,
teased,
free,
from,
the,
fracture,PI
site,
.,
A,
tear,
in,
the,
bladder,
wall,
extending,
into,
the,
muscularis,
layer,
but,
not,
through,
the,
mucosa,
was,
repaired,GOAL
with,
absorbable,
sutures,
in,
a,
mattress,
pattern,
.,
The,
fracture,PI
site,
was,
irrigated,
and,
ﬁxed,
with,
a,
small,
fragment,
reconstruction,GOAL
plate,
.,
Percutaneous,
ﬁxation,
of,
the,
posterior,
pelvic,
ring,
injury,PI
was,
performed,
with,
a,
sacroiliac,
screw,
.,
The,
patient,
was,
given,
peri-operative,
antibiotics,
per,
routine,
and,
discharged,
with,
the,
Foley,
in,
place,
for,
two,
weeks,
toe-touch,
weightbearing,
on,
the,
aﬀected,
extremity,
.,
Two,
weeks,
after,
surgery,SurgicalProcedure
repeat,
cystogram,IM
demonstrated,
no,
active,
extravasation,PI
from,
the,
bladder,
.,
The,
Foley,
was,
removed,
and,
the,
patient,
passed,
a,
voiding,
trial,
.,
At,
6-week,
follow,
up,
his,
fractures,PI
were,
healing,
well,
and,
he,
had,
no,
urinary,
symptoms,
.,
By,
4,
months,
after,
surgery,SurgicalProcedure
he,
had,
returned,
to,
work,
and,
has,
experienced,
no,
complications,
now,
18,
months,
after,
injury,PI
.,
Isolated,
gallbladder,
injury,PI
secondary,
to,
a,
blunt,
abdominal,
trauma,PI
is,
a,
rare,
ﬁnding,
in,
children,
.,
The,
presence,
of,
vague,
symptoms,
and,
the,
unknown,
dynamic,
of,
the,
trauma,PI
may,
increase,
the,
diagnostic,
challenge,
especially,
in,
pediatrics,
.,
A,
conservative,
management,GOAL
has,
been,
proposed,
in,
some,
particular,
cases,
in,
adults,
but,
remains,
controversial,
in,
children,
.,
We,
report,
a,
case,
of,
a,
5,
year,
old,
boy,
who,
presented,
an,
isolated,
gallbladder,
lesion,PI
secondary,
to,
a,
blunt,
abdominal,
trauma,PI
.,
The,
surgical,
treatment,GOAL
was,
delayed,
for,
non-medical,
reasons,
which,
gave,
us,
the,
possibility,
to,
try,
a,
conservative,
approach,
.,
A,
5,
years,
old,
boy,
with,
unremarkable,
previous,
medical,
history,
was,
transferred,
to,
our,
center,
from,
another,
hospital,
for,
the,
management,GOAL
of,
a,
blunt,
abdominal,
trauma,PI
.,
He,
was,
the,
victim,
of,
an,
accidental,
bicycle,
crush,
in,
which,
he,
got,
a,
head,
trauma,PI
and,
the,
handlebars,
hit,
his,
epigastrium,
.,
He,
was,
admitted,
to,
another,
facility,
2,
days,
before,
admission,
.,
A,
brain,
CT,IM
scan,
was,
done,
and,
no,
abnormalities,
were,
detected,
.,
Ultrasound,IM
of,
the,
abdomen,
and,
pelvis,
showed,
the,
presence,
of,
free,
peritoneal,
ﬂuid,
and,
an,
abdominal,
CT,IM
scan,
demonstrated,
a,
distended,PI
gallbladder,
containing,
low-density,
material,
of,
mixed,
signal,
intensity,
consistent,
with,
blood,
between,
the,
internal,
and,
external,
wall,
.,
A,
laparotomy,SurgicalProcedure
was,
proposed,
.,
The,
parents,
refused,
to,
give,
consent,
to,
the,
proposed,
procedure,
and,
he,
was,
transferred,
to,
our,
hospital,
for,
further,
management,GOAL
.,
At,
his,
arrival,
to,
our,
department,
the,
child,
was,
suffering,
from,
diffuse,
abdominal,
pain,PI
and,
vomiting,PI
without,
any,
localized,
tenderness,PI
on,
physical,
exam,
or,
abdominal,
distention,
.,
He,
was,
having,
normal,
bowel,
movement,
was,
hemodynamically,
stable,
and,
afebrile,
.,
His,
laboratory,
tests,
showed,
the,
absence,
of,
anemia,
(Hb,
12,
0.1,
g/dL,
Hct,
37%),
or,
any,
signiﬁcant,
elevation,
of,
his,
liver,
and,
pancreatic,
function,
tests,
(ALT,
47,
U/L,
AST,
37,
U/L,
direct,
bilirubin,
0,
0.4,
mg/dL,
indirect,
bilirubin,
0,
0.9,
mg/dL,
amylase,
34,
U/L,
lipase,
9,
U/L,
ALP,
135,
U/L,
GGT,
16,
U/L,
normal,
PT,
and,
PTT),
.,
Amoxicillin/clavulanic,
acid,
(100,
mg/kg/day),
was,
started,
IV,
(WBC,
16,
.400/μL,
N,
86,
.1%,
L,
4,
.8%,
M,
8,
.6%,
E,
0%,
B,
0,
.3%,
C,
reactive,
protein,
15,
mg/L,
procalcitonin,
1,
0.21,
ng/mL),
.,
Repeat,
abdominal,
ultrasound,IM
and,
CT,IM
scan,
conﬁrmed,
the,
presence,
of,
a,
dilated,PI
gallbladder,
with,
echogenic,
sludge,
and,
a,
peritoneal,
ﬂuid,
around,
the,
gallbladder,
and,
in,
the,
Douglas,
space,
.,
MRI,GOAL
cholangiography,IM
showed,
the,
above,
ﬁndings,
without,
apparent,
perforation,
of,
the,
gallbladder,
.,
To,
rule,
out,
a,
gallbladder,
laceration,
laparotomy,SurgicalProcedure
and,
cholecystectomy,SurgicalProcedure
were,
proposed,
.,
For,
the,
second,
time,
the,
parents,
refused,
the,
operation,
.,
Since,
the,
patient,
was,
clinically,
stable,
we,
elected,
to,
observe,
him,
in,
hospital,
.,
On,
day,
6,
post,
trauma,PI
the,
child,
was,
still,
complaining,
of,
diffuse,
abdominal,
pain,PI
.,
An,
echo-guided,
abdominal,
needle,
aspiration,
of,
the,
peritoneal,
ﬂuid,
showed,
the,
presence,
of,
bile,
in,
the,
abdomen,
which,
conﬁrmed,
the,
suspicion,
of,
gallbladder,
perforation,
.,
Abdominal,
laparotomy,SurgicalProcedure
was,
performed,
then,
and,
revealed,
a,
2,
cm,
perforation,
of,
the,
posterior,
wall,
of,
the,
gallbladder,
with,
necrotic,
edges,
plugged,
by,
the,
liver,
.,
A,
cholecystectomy,SurgicalProcedure
in,
addition,
to,
a,
peritoneal,
cavity,
lavage,
was,
performed,
.,
He,
was,
discharged,
on,
day,
3,
post,
surgery,SurgicalProcedure
without,
complications,
.,
A,
29,
years,
old,
male,
patient,
presented,
with,
severe,
abdominal,
pain,PI
and,
distention,
as,
a,
result,
of,
blunt,
abdominal,
trauma,PI
sustained,
in,
a,
motor,
vehicle,
accident,
2,
h,
previously,
.,
At,
presentation,
the,
patient,
was,
fully,
conscious,
normotensive,
with,
a,
pulse,
rate,
of,
112/min,
.,
The,
haemoglobin,
was,
13,
0.6,
g/dL,
.,
Multiple,
bruises,
and,
abrasions,PI
were,
evident,
over,
the,
anterior,
chest,
and,
epigastrium,
.,
The,
abdomen,
was,
distended,PI
and,
peritonitic,
.,
The,
patient,
was,
also,
tender,
over,
the,
left,
lower,
anterior,
chest,
wall;,
air,
entry,
was,
normal,
.,
Radiological,
investigations,
revealed,
a,
pneumoperitoneum,
and,
fractures,PI
involving,
ribs,
10,
11,
and,
12,
along,
the,
left,
anterior,
chest,
wall,
.,
At,
laparotomy,SurgicalProcedure
serosanguinous,
ﬂuid,
with,
undigested,
food,
particles,
was,
noted,
.,
A,
full,
thickness,
anterior,
gastric,
perforation,
measuring,
5,
cm,
extended,
proximally,
from,
the,
pylorus,
along,
the,
longitudinal,
gastric,
axis,
(Fig,
.,
1),
.,
This,
was,
classiﬁed,
as,
a,
Grade,
II,
gastric,
injury,PI
(Table,
1),
[4],
.,
Haematomas,
were,
noted,
over,
the,
transverse,
colon,
jejunum,
and,
ileum,
and,
were,
managed,
conservatively,
.,
The,
gastric,
perforation,
was,
repaired,GOAL
in,
a,
standard,
fashion,
.,
The,
patient,
made,
an,
unremarkable,
and,
was,
discharged,
on,
the,
7th,
post-operative,
day,
.,
The,
patient,
sustained,
a,
shrapnel,
injury,PI
in,
a,
local,
armed,
conﬂict,
in,
Eastern,
Ukraine,
as,
a,
result,
of,
mortaring,
120-mm,
mines,
.,
First,
aid,
was,
provided,
in,
a,
military,
ﬁeld,
hospital,
.,
The,
patient's,
condition,
was,
severe,
at,
admission,
with,
a,
Glasgow,
Coma,
Scale,
score,
of,
11,
.,
The,
pupils,
were,
equal,
and,
reactive,
to,
light,
.,
The,
patient,
was,
breathing,
spontaneously,
with,
a,
respiratory,
rate,
of,
19,
cycles/min,
.,
Vesicular,
breathing,
was,
heard,
in,
the,
upper,
lung,
ﬁeld,
which,
was,
attenuated,
at,
the,
left,
lung,
apex,
.,
Heart,
sounds,
were,
rhythmical,
and,
muﬄed,
.,
The,
patient,
had,
a,
blood,
pressure,
of,
80/60,
mm,
Hg,
and,
heart,
rate,
of,
96,
bpm,
.,
A,
round-shaped,
injury,PI
with,
approximately,
1-cm,
diameter,
with,
irregular,
edges,
in,
the,
left,
temporal,
region,
and,
moderate,
bleeding,
was,
found,
.,
Multiple,
irregular-shaped,
injuries,PI
with,
0,
.5-cm,
to,
2-cm,
diameter,
were,
found,
on,
the,
left,
anterolateral,
chest,
surface,
.,
Aseptic,
bandages,
were,
applied,GOAL
and,
vital,
functions,
were,
stabilised,GOAL
.,
The,
patient,
was,
transferred,
to,
a,
regional,
clinical,
hospital,
by,
helicopter,
.,
Brain,
SCT,IM
showed,
a,
penetrating,PI
non-perforating,
skull,
and,
brain,
injury,PI
with,
entrance,
hole,
in,
the,
squamous,
part,
of,
the,
left,
temporal,
bone,
.,
Areas,
of,
increased,
density,
of,
brain,
parenchyma,PI
were,
seen,
in,
the,
temporal,
lobe,
along,
the,
injury,PI
canal,
represented,
by,
brain,
contusion,PI
and,
crush,
injury,PI
foci,
with,
haemorrhages,
(Fig,
.,
1),
.,
Chest,
SCT,IM
showed,
reduced,
volume,
of,
the,
left,
lung,
.,
Wedge-shaped,
thickening,
of,
the,
parenchyma,PI
of,
the,
superior,
lobe,
of,
the,
left,
lung,
with,
a,
wide,
base,
facing,
pericostal,
pleura,
could,
be,
seen,
(Fig,
.,
2),
.,
The,
patient,
had,
a,
penetrating,PI
multifragmental,
craniocerebral,
injury,PI
with,
three,
foreign,PI
bodies,
of,
metallic,
density,
and,
small,
bone,
fragments,
in,
temporal,
lobe,
parenchyma,PI
(left,
side),
and,
focal,
temporal,
lobe,
contusions,PI
and,
intracerebral,
haematomas,
(left,
side),
.,
Penetrating,PI
heart,
injury,PI
with,
a,
foreign,PI
body,
in,
the,
myocardium,
left,
lung,
contusion,PI
and,
left-sided,
haemopneumothorax,PI
were,
found,
.,
Left,
thoracotomy,SurgicalProcedure
was,
initially,
performed,
after,
the,
SCT,IM
and,
diagnosis,
.,
Left,
ventricle,
injury,PI
was,
sutured,
.,
The,
superior,
lobe,
of,
the,
left,
lung,
was,
subjected,
to,
atypical,
resection,
.,
The,
pleural,
cavity,
was,
drained,GOAL
.,
During,
the,
surgery,SurgicalProcedure
a,
penetrating,PI
injury,PI
was,
detected,
on,
the,
posterolateral,
wall,
of,
the,
left,
ventricle,
with,
a,
5,
×,
5-mm,
hole,
.,
The,
hole,
was,
sewn,
with,
a,
U-shaped,
seam,
on,
a,
Teﬂon,
gasket,
.,
The,
latter,
was,
resected,
instrumentally,
considering,
the,
perforated,
injury,PI
canal,
with,
a,
haematoma,
in,
the,
V,
lung,
segment,
.,
No,
metal,
fragment,
was,
found,
in,
the,
pericardium,
or,
pleural,
cavity,
during,
the,
surgery,SurgicalProcedure
.,
Surgical,
treatment,GOAL
of,
penetrating,PI
gunshot,
craniocerebral,
injury,PI
was,
performed,
after,
vital,
function,
stabilisation,
.,
Intracerebral,
left,
temporal,
lobe,
haematoma,
one,
metal,
fragment,
and,
small,
bone,
fragments,
were,
removed,
.,
Damage,
to,
the,
MCA,
branches,
and,
intensive,
bleeding,
from,
the,
left,
MCA,
branches,
were,
detected,
.,
Temporary,
MCA,
clipping,
and,
haemostasis,
were,
performed,
using,
bipolar,
coagulation,
and,
Surgicel,
.,
No,
bleeding,
was,
noted,
after,
temporary,
clip,
removal,GOAL
.,
The,
left,
temporal,
and,
frontal,
bones,
(less,
than,
9,
×,
10,
cm),
were,
resected,
and,
duraplasty,
was,
performed,
using,
autogenous,
tissues,
.,
The,
following,
day,
after,
the,
surgery,SurgicalProcedure
the,
follow-up,
brain,
SCT,IM
showed,
brain,
matter,
prolapse,PI
to,
the,
craniotomy,SurgicalProcedure
bone,
defect,
air,
along,
the,
injury,PI
channel,
and,
two,
foreign,PI
bodies,
of,
metallic,
density,
at,
the,
end,
of,
the,
injury,PI
channel,
(Fig,
.,
3),
.,
A,
follow-up,
echocardiography,IM
showed,
a,
foreign,PI
body,
(projectile,
fragment),
penetrating,PI
into,
the,
depth,
of,
the,
left,
ventricle,
wall,
(basal,
areas,
under,
the,
base,
of,
posterior,
mitral,
leaﬂet),
without,
traumatic,
damage,
to,
mitral,
leaﬂet,
structures,
.,
Myocardial,
contractility,
was,
preserved,
(Fig,
.,
4),
.,
A,
follow-up,
electrocardiography,IM
showed,
subendocardial,
hypoxia,PI
and,
microfocal,
myocardial,
changes,
.,
Due,
to,
the,
changes,
revealed,
by,
electrocardiogram,IM
and,
echocardiography,IM
the,
patient,
was,
transported,
to,
Amosov,
National,
Institute,
of,
Cardiovascular,
Surgery,SurgicalProcedure
Kyiv,
Ukraine,
for,
further,
treatment,GOAL
.,
The,
patient,
underwent,
surgery,SurgicalProcedure
to,
remove,
the,
foreign,PI
body,
from,
the,
left,
ventricle's,
myocardium,
.,
Sternotomy,SurgicalProcedure
was,
performed,
during,
the,
surgery,SurgicalProcedure
and,
the,
pericardium,
was,
opened,
.,
A,
CPB,
pump,
was,
connected,
.,
Right,
and,
partial,
left,
atriotomies,SurgicalProcedure
were,
performed,
.,
A,
metal,
fragment,
was,
found,
and,
removed,
from,
under,
the,
posterior,
wall,
of,
the,
left,
ventricle,
.,
The,
left,
ventricle,
cavity,
was,
revised,
.,
Air,
embolism,
was,
prevented,
and,
the,
cardiac,
chambers,
were,
sealed,
.,
Subsequently,
heart,
function,
was,
restored,
.,
Haemostasis,
was,
performed,
.,
The,
pericardium,
and,
anterior,
mediastinum,
were,
drained,GOAL
.,
No,
complications,
were,
detected,
in,
the,
postoperative,
period,
.,
The,
patient,
was,
transported,
to,
a,
military,
hospital,
for,
further,
rehabilitation,
after,
8,
days,
.,
A,
follow-up,
brain,
SCT,IM
was,
performed,
3,
months,
after,
the,
injury,PI
.,
In,
a,
non-contrast,
study,
a,
1,
0.5,
×,
1-cm,
hyperdense,PI
focus,
was,
found,
in,
the,
left,
temporal,
lobe,
in,
the,
burr,
hole,
.,
Given,
the,
shape,
location,
and,
connection,
with,
the,
MCA,
a,
pseudoaneurysm,PI
of,
the,
M2,
segment,
of,
the,
left,
MCA,
was,
suspected,
(Fig,
.,
5),
.,
Selective,
cerebral,
angiography,IM
conﬁrmed,
dissectional,
aneurysm,PI
of,
the,
M2,
segment,
of,
the,
left,
MCA,
with,
three,
MCA,
branches,
outgoing,
from,
the,
aneurysm,PI
to,
the,
temporal,
lobe,
gross,
stenosis,
of,
M2,
segment,
before,
the,
aneurysm,PI
(Fig,
.,
6),
.,
The,
patient,
underwent,
X-ray,IM
endovascular,
deconstructive,
exclusion,
of,
dissected,
M2,
aneurysm,PI
(temporal,
branch,
of,
the,
left,
MCA),
with,
detachable,
microcoils,
.,
During,
temporary,
M2,
segment,
occlusion,
the,
MCA,
branches,
supplying,
the,
left,
temporal,
lobe,
were,
retrogradely,
contrasted,
from,
the,
vertebral,
artery,
through,
cortical,
collaterals,
.,
The,
MCA,
branch,
supplying,
the,
superior,
sections,
of,
the,
left,
temporal,
lobe,
was,
retrogradely,
contrasted,
from,
the,
left,
internal,
carotid,
artery,
through,
collaterals,
from,
the,
parietal,
MCA,
branches,
.,
The,
patient,
underwent,
MoCA,
with,
a,
4-min,
interval,
.,
The,
results,
were,
not,
worse,
than,
those,
during,
the,
preoperative,
tests,
.,
Endovascular,
stationary,
aneurysm,PI
occlusion,
was,
performed,
with,
aneurysm-bearing,PI
M2,
branch,
of,
the,
left,
MCA,
.,
Detachable,
microcoils,
GDC,
Ultrasoft,
2,
mm,
×,
6,
cm,
and,
MicroPlex,
Helical-Soft,
2,
mm,
×,
68,
cm,
were,
placed,
in,
this,
branch,
.,
In,
follow-up,
angiographic,IM
studies,
the,
aneurysm,PI
was,
not,
contrasted;,
the,
arteries,
contrasting,
the,
left,
temporal,
lobe,
were,
retrogradely,
contrasted,
through,
cortical,
collaterals,
from,
the,
vertebrobasilar,
system,
and,
parietal,
left,
MCA,
branches,
.,
Postoperative,
follow-up,
MoCA,
showed,
that,
the,
outcome,
did,
not,
deteriorate,PI
(Fig,
.,
7),
.,
No,
data,
were,
found,
conﬁrming,
the,
functioning,
saccular,
aneurysm,PI
during,
follow-up,
selective,
cerebral,
angiography,IM
3,
months,
after,
X-ray,IM
endovascular,
occlusion,
.,
Blood,
ﬂow,
to,
all,
MCA,
branches,
was,
restored,
retrogradely,
through,
available,
cortical,
collaterals,
except,
for,
embolised,
M2,
with,
the,
aneurysm,PI
(Fig,
.,
8),
.,
After,
follow-up,
angiography,IM
plastic,
surgery,SurgicalProcedure
was,
performed,
for,
extensive,
defect,
of,
left,
temporal,
and,
frontal,
bones,
by,
using,
a,
custom,
titanium,
plate,
based,
on,
stereolithographic,
3D,
model,
.,
The,
patient,
was,
discharged,
postoperatively,
for,
further,
out-patient,
treatment,GOAL
under,
the,
neuropathologist's,
supervision,
.,
A,
51-year-old,
male,
presented,
to,
the,
emergency,
department,
4,
h,
after,
falling,
oﬀ,
a,
pushbike,
onto,
his,
right,
side,
at,
20,
km/h,
.,
He,
presented,
to,
hospital,
after,
initially,
returning,
home,
for,
a,
brief,
period,
where,
he,
reported,
symptoms,
of,
dizziness,PI
and,
nausea,PI
and,
noticed,
increased,
swelling,PI
to,
of,
right,
side,
of,
his,
abdomen,
.,
Primary,
assessment,
was,
signiﬁcant,
for,
blood,
pressure,
of,
75/48,
mmHg,
(heart,
rate,
86,
bpm),
which,
improved,
to,
105/67,
with,
1,
L,
intravenous,
0,
.9%,
saline,
.,
Focused,
abdominal,
ultrasound,IM
showed,
free,
ﬂuid,
in,
right,
upper,
quadrant,
.,
Secondary,
survey,
identiﬁed,
right,
chest,
wall,
tenderness,PI
right,
upper,
quadrant,
tenderness,PI
and,
distension,PI
and,
grazes,
on,
the,
abdomen,
.,
He,
proceeded,
to,
contrast,
enhanced,
computer,
tomography,
(CT),IM
that,
demonstrated,
haemoperitoneum,
grade,
II,
splenic,
laceration,
[2],
right,
sixth,
to,
eighth,
rib,
fractures,PI
and,
right,
transverse,
process,
fracture,PI
of,
the,
ﬁrst,
lumbar,
vertebra,
(Fig,
.,
1),
.,
The,
patient,
underwent,
an,
emergency,
trauma,PI
laparotomy,SurgicalProcedure
that,
revealed,
one,
litre,
haemoperitoneum,
perforated,
gallbladder,
with,
free,
gallbladder,
calculi,
grade,
I,
duodenal,
haematoma,
and,
a,
grade,
II,
splenic,
laceration,
.,
The,
bleeding,
was,
from,
the,
gallbladder,
mucosa,
and,
peritoneal,
covering;,
the,
duodenal,
and,
splenic,
injuries,PI
were,
not,
bleeding,
.,
His,
gallbladder,
was,
resected,
(Fig,
.,
2),
and,
calculi,
retrieved,
.,
His,
gallbladder,
appeared,
ﬁbrosed,
as,
conﬁrmed,
on,
histopathology,
that,
showed,
ﬁbrosis,
.,
The,
duodenum,
and,
spleen,
were,
managed,
conservatively,
.,
He,
had,
an,
uncomplicated,
recovery,
post-operatively,
with,
conservative,
management,GOAL
of,
the,
rib,
and,
vertebral,
fractures,PI
and,
was,
discharged,
home,
seven,
days,
later,
.,
A,
20-year-old,
male,
came,
to,
emergency,
room,
of,
our,
hospital,
with,
a,
history,
of,
an,
accidental,
multiorgan,
electrocution,
injury,PI
while,
passing,
across,
the,
road,
.,
According,
to,
the,
statements,
of,
eyewitness,
accidentally,
he,
was,
contacted,
with,
a,
blasted,
high-voltage,
electrical,
transformer,
while,
he,
was,
passing,
across,
the,
road,
lost,
his,
consciousness,
felt,
on,
ground,
and,
immediately,
immediately,
admitted,
in,
hospital,
.,
After,
shifting,
to,
ICU,
his,
consciousness,
returned,
to,
normal,
level,
pulse,
rate,
was,
88,
beats/min,
blood,
pressure,
was,
90/60,
mmHg,
temperature,
was,
99,
°F,
Glasgow,
coma,
scale,
(GCS),
score,
was,
E3,
V5,
M6,
and,
SpO2,
was,
94%,
with,
2,
L,
of,
supplemental,
oxygen,
.,
There,
was,
no,
sign,
of,
burn,
.,
Entry,
and,
exit,
point,
of,
electrocution,
in,
the,
body,
was,
absent,
.,
He,
complained,
his,
neck,
pain,PI
and,
his,
neck,
movement,
was,
restricted,PI
in,
all,
directions,
.,
No,
focal,
neurological,
deﬁcit,
was,
found,
.,
Computed,
tomography,
(CT),IM
scan,
of,
cervical,
vertebrae,
revealed,
two,
fractures,PI
(one,
fracture,PI
in,
the,
anterior,
arch,
and,
another,
fracture,PI
in,
the,
posterior,
arch),
in,
the,
arches,
of,
atlas,
also,
called,
ﬁrst,
cervical,
vertebrae,
(C1),
(Fig,
.,
1),
.,
CT,IM
scan,
of,
brain,
showed,
right,
cerebellar,
hemorrhage,PI
(Fig,
.,
2),
.,
Immobilization,
of,
neck,
was,
done,
with,
Philadelphia,
collar,
.,
CT,IM
scan,
of,
chest,
revealed,
focal,
consolidation,
with,
pulmonary,
inﬁltrates,
in,
both,
lungs,
(Fig,
.,
3),
.,
His,
troponin,
I,
was,
1,
0.12,
ng/mL,
and,
echo,
cardiogram,
showed,
no,
regional,
wall,
motion,
abnormality,
and,
ejection,
fraction,
was,
55%,
.,
After,
three,
days,
of,
treatment,GOAL
in,
ICU,
his,
physical,
conditions,
improved,
and,
discharged,
to,
home,
with,
Philadelphia,
collar,
and,
after,
6,
weeks,
his,
fractures,PI
in,
C1,
were,
completely,
healed,
.,
